{
    "$schema": "https://schema.management.azure.com/schemas/2015-01-01/deploymentParameters.json#",
    "contentVersion": "1.0.0.0",
    "parameters": {
        "factoryName": {
            "value": "yelpacc"
        },
        "AzureDataLakeStorage1_accountKey": {
            "value": ""
        },
        "AzureDataLakeStorage2_accountKey": {
            "value": ""
        },
        "AzureDataLakeStorage1_properties_typeProperties_url": {
            "value": "https://yelpaccount.dfs.core.windows.net"
        },
        "AzureDataLakeStorage2_properties_typeProperties_url": {
            "value": "https://yelpaccount.dfs.core.windows.net"
        }
    }
}